message,timestamp,severity,tags,attributes
unpacking archive,2026-08-20T20:57:04.514173422Z,info,"{""serviceId"":""321437b3-d38c-426a-bb2e-762c587f1947"",""deploymentId"":""8f015a8f-c580-4a39-b708-e2e1f6486138"",""deploymentInstanceId"":null}","{""level"":""info"",""source"":""railway.progress"",""status"":""complete"",""size"":123832320,""duration_ms"":303}"
[internal] load build definition from Dockerfile,2026-08-20T20:57:04.650519822Z,info,"{""serviceId"":""321437b3-d38c-426a-bb2e-762c587f1947"",""deploymentId"":""8f015a8f-c580-4a39-b708-e2e1f6486138"",""deploymentInstanceId"":null}","{""level"":""info"",""source"":""buildkit"",""type"":""vertex"",""digest"":""sha256:9796ba2dd949ca05416caca6e733bfa44ece6336fbda864c4eaf10b68ca814e1""}"
[internal] load build definition from Dockerfile,2026-08-20T20:57:04.650600263Z,info,"{""serviceId"":""321437b3-d38c-426a-bb2e-762c587f1947"",""deploymentId"":""8f015a8f-c580-4a39-b708-e2e1f6486138"",""deploymentInstanceId"":null}","{""level"":""info"",""source"":""buildkit"",""type"":""vertex"",""digest"":""sha256:9796ba2dd949ca05416caca6e733bfa44ece6336fbda864c4eaf10b68ca814e1"",""started"":""2026-08-20T20:57:04.650388815Z"",""completed"":""2026-08-20T20:57:04.65045148Z""}"
[internal] load build definition from Dockerfile,2026-08-20T20:57:04.651318301Z,info,"{""serviceId"":""321437b3-d38c-426a-bb2e-762c587f1947"",""deploymentId"":""8f015a8f-c580-4a39-b708-e2e1f6486138"",""deploymentInstanceId"":null}","{""level"":""info"",""source"":""buildkit"",""type"":""vertex"",""digest"":""sha256:9796ba2dd949ca05416caca6e733bfa44ece6336fbda864c4eaf10b68ca814e1"",""started"":""2026-08-20T20:57:04.651124179Z""}"
[internal] load build definition from Dockerfile,2026-08-20T20:57:04.703331840Z,info,"{""serviceId"":""321437b3-d38c-426a-bb2e-762c587f1947"",""deploymentId"":""8f015a8f-c580-4a39-b708-e2e1f6486138"",""deploymentInstanceId"":null}","{""level"":""info"",""source"":""buildkit"",""type"":""vertex"",""digest"":""sha256:9796ba2dd949ca05416caca6e733bfa44ece6336fbda864c4eaf10b68ca814e1"",""started"":""2026-08-20T20:57:04.651124179Z"",""completed"":""2026-08-20T20:57:04.703036427Z""}"
[internal] load metadata for docker.io/library/node:20-bookworm-slim,2026-08-20T20:57:04.715800110Z,info,"{""serviceId"":""321437b3-d38c-426a-bb2e-762c587f1947"",""deploymentId"":""8f015a8f-c580-4a39-b708-e2e1f6486138"",""deploymentInstanceId"":null}","{""level"":""info"",""source"":""buildkit"",""type"":""vertex"",""digest"":""sha256:bf58f9bc7d3bbb1e3cd5d9177b0786c61c5858889785b228dd6cb788a4592215"",""started"":""2026-08-20T20:57:04.715531797Z""}"
[internal] load metadata for docker.io/library/node:20-bookworm-slim,2026-08-20T20:57:04.858376764Z,info,"{""serviceId"":""321437b3-d38c-426a-bb2e-762c587f1947"",""deploymentId"":""8f015a8f-c580-4a39-b708-e2e1f6486138"",""deploymentInstanceId"":null}","{""level"":""info"",""source"":""buildkit"",""type"":""vertex"",""digest"":""sha256:bf58f9bc7d3bbb1e3cd5d9177b0786c61c5858889785b228dd6cb788a4592215"",""started"":""2026-08-20T20:57:04.715531797Z"",""completed"":""2026-08-20T20:57:04.858039568Z""}"
[internal] load .dockerignore,2026-08-20T20:57:04.859092629Z,info,"{""serviceId"":""321437b3-d38c-426a-bb2e-762c587f1947"",""deploymentId"":""8f015a8f-c580-4a39-b708-e2e1f6486138"",""deploymentInstanceId"":null}","{""level"":""info"",""source"":""buildkit"",""type"":""vertex"",""digest"":""sha256:16c7c2593c412b204a34d7092ac98daa67354932cf4032198feab3f0889833c0""}"
[internal] load .dockerignore,2026-08-20T20:57:04.859177055Z,info,"{""serviceId"":""321437b3-d38c-426a-bb2e-762c587f1947"",""deploymentId"":""8f015a8f-c580-4a39-b708-e2e1f6486138"",""deploymentInstanceId"":null}","{""level"":""info"",""source"":""buildkit"",""type"":""vertex"",""digest"":""sha256:16c7c2593c412b204a34d7092ac98daa67354932cf4032198feab3f0889833c0"",""started"":""2026-08-20T20:57:04.858917015Z"",""completed"":""2026-08-20T20:57:04.858952729Z""}"
[internal] load .dockerignore,2026-08-20T20:57:04.859643746Z,info,"{""serviceId"":""321437b3-d38c-426a-bb2e-762c587f1947"",""deploymentId"":""8f015a8f-c580-4a39-b708-e2e1f6486138"",""deploymentInstanceId"":null}","{""level"":""info"",""source"":""buildkit"",""type"":""vertex"",""digest"":""sha256:16c7c2593c412b204a34d7092ac98daa67354932cf4032198feab3f0889833c0"",""started"":""2026-08-20T20:57:04.859354101Z""}"
[internal] load .dockerignore,2026-08-20T20:57:04.915311231Z,info,"{""serviceId"":""321437b3-d38c-426a-bb2e-762c587f1947"",""deploymentId"":""8f015a8f-c580-4a39-b708-e2e1f6486138"",""deploymentInstanceId"":null}","{""level"":""info"",""source"":""buildkit"",""type"":""vertex"",""digest"":""sha256:16c7c2593c412b204a34d7092ac98daa67354932cf4032198feab3f0889833c0"",""started"":""2026-08-20T20:57:04.859354101Z"",""completed"":""2026-08-20T20:57:04.915035577Z""}"
[application-build 6/7] RUN test -x node_modules/.bin/tsx && npm run build,2026-08-20T20:57:04.935473141Z,info,"{""serviceId"":""321437b3-d38c-426a-bb2e-762c587f1947"",""deploymentId"":""8f015a8f-c580-4a39-b708-e2e1f6486138"",""deploymentInstanceId"":null}","{""level"":""info"",""source"":""buildkit"",""type"":""vertex"",""digest"":""sha256:ac5c306f6f6a34bde214521708cd56d435b97be6f0c8f72952943fd33aa2ed87"",""inputs"":[""sha256:fde6744353e60ee622950f97bf9e8f6d1719c5b1f1b46390c353448c1fe25413""]}"
[application-build 5/7] COPY . .,2026-08-20T20:57:04.935475124Z,info,"{""serviceId"":""321437b3-d38c-426a-bb2e-762c587f1947"",""deploymentId"":""8f015a8f-c580-4a39-b708-e2e1f6486138"",""deploymentInstanceId"":null}","{""level"":""info"",""source"":""buildkit"",""type"":""vertex"",""digest"":""sha256:fde6744353e60ee622950f97bf9e8f6d1719c5b1f1b46390c353448c1fe25413"",""inputs"":[""sha256:b8809c275a1e468fd91eacb44c8fb09f7936dcb77f20560d4db864ac5c3e839b"",""sha256:4ff3014af8cc0361ec66b16b018307afa4e6257d268bb5be3e076b05fbdd5257""]}"
[runtime 4/7] COPY --from=application-build /app/node_modules ./node_modules,2026-08-20T20:57:04.935475835Z,info,"{""serviceId"":""321437b3-d38c-426a-bb2e-762c587f1947"",""deploymentId"":""8f015a8f-c580-4a39-b708-e2e1f6486138"",""deploymentInstanceId"":null}","{""level"":""info"",""source"":""buildkit"",""type"":""vertex"",""digest"":""sha256:369b9308d6c09e423d7aa1f455b2cdaa8c038ff47606a42e0791dc0d3344b014"",""inputs"":[""sha256:f369017669864b971082f833d349abfb8171c94db0abe08be3861196243f3496"",""sha256:9410ab8697abb9e413e6e34f51e10e864a0fd5885fe05e9a9a11a4152ee74a80""]}"
[application-build 3/7] COPY package.json package-lock.json ./,2026-08-20T20:57:04.935476306Z,info,"{""serviceId"":""321437b3-d38c-426a-bb2e-762c587f1947"",""deploymentId"":""8f015a8f-c580-4a39-b708-e2e1f6486138"",""deploymentInstanceId"":null}","{""level"":""info"",""source"":""buildkit"",""type"":""vertex"",""digest"":""sha256:f369017669864b971082f833d349abfb8171c94db0abe08be3861196243f3496"",""inputs"":[""sha256:df74c3ee1ffc324fd209ac5c2e65b5ddf80af2ef6f3e460f6b9c149d133823eb"",""sha256:4ff3014af8cc0361ec66b16b018307afa4e6257d268bb5be3e076b05fbdd5257""]}"
[internal] load build context,2026-08-20T20:57:04.935476656Z,info,"{""serviceId"":""321437b3-d38c-426a-bb2e-762c587f1947"",""deploymentId"":""8f015a8f-c580-4a39-b708-e2e1f6486138"",""deploymentInstanceId"":null}","{""level"":""info"",""source"":""buildkit"",""type"":""vertex"",""digest"":""sha256:4ff3014af8cc0361ec66b16b018307afa4e6257d268bb5be3e076b05fbdd5257""}"
[runtime 5/7] COPY --from=application-build /app/dist ./dist,2026-08-20T20:57:04.935477087Z,info,"{""serviceId"":""321437b3-d38c-426a-bb2e-762c587f1947"",""deploymentId"":""8f015a8f-c580-4a39-b708-e2e1f6486138"",""deploymentInstanceId"":null}","{""level"":""info"",""source"":""buildkit"",""type"":""vertex"",""digest"":""sha256:f294f800523d1e038029c18d45fa8b166c7bc14e60f4b0c29e7370ea190813d2"",""inputs"":[""sha256:369b9308d6c09e423d7aa1f455b2cdaa8c038ff47606a42e0791dc0d3344b014"",""sha256:9410ab8697abb9e413e6e34f51e10e864a0fd5885fe05e9a9a11a4152ee74a80""]}"
[runtime 6/7] COPY --from=application-build /app/uploads/avatars ./uploads/avatars,2026-08-20T20:57:04.935477958Z,info,"{""serviceId"":""321437b3-d38c-426a-bb2e-762c587f1947"",""deploymentId"":""8f015a8f-c580-4a39-b708-e2e1f6486138"",""deploymentInstanceId"":null}","{""level"":""info"",""source"":""buildkit"",""type"":""vertex"",""digest"":""sha256:8ca5140ff31beff31ee47e958f135ce8d345bf4ab2d3038063cb8f43d953be17"",""inputs"":[""sha256:f294f800523d1e038029c18d45fa8b166c7bc14e60f4b0c29e7370ea190813d2"",""sha256:9410ab8697abb9e413e6e34f51e10e864a0fd5885fe05e9a9a11a4152ee74a80""]}"
[runtime 7/7] RUN chown -R node:node /app,2026-08-20T20:57:04.935478649Z,info,"{""serviceId"":""321437b3-d38c-426a-bb2e-762c587f1947"",""deploymentId"":""8f015a8f-c580-4a39-b708-e2e1f6486138"",""deploymentInstanceId"":null}","{""level"":""info"",""source"":""buildkit"",""type"":""vertex"",""digest"":""sha256:3661fa3246489af8325e5054ee780a6970dacfa5ea6582d546cf28110a73f344"",""inputs"":[""sha256:8ca5140ff31beff31ee47e958f135ce8d345bf4ab2d3038063cb8f43d953be17""]}"
[application-build 7/7] RUN npm prune --omit=dev --no-audit --no-fund,2026-08-20T20:57:04.935479430Z,info,"{""serviceId"":""321437b3-d38c-426a-bb2e-762c587f1947"",""deploymentId"":""8f015a8f-c580-4a39-b708-e2e1f6486138"",""deploymentInstanceId"":null}","{""level"":""info"",""source"":""buildkit"",""type"":""vertex"",""digest"":""sha256:9410ab8697abb9e413e6e34f51e10e864a0fd5885fe05e9a9a11a4152ee74a80"",""inputs"":[""sha256:ac5c306f6f6a34bde214521708cd56d435b97be6f0c8f72952943fd33aa2ed87""]}"
"[application-build 4/7] RUN echo ""Installing build dependencies (epoch 20260820-1935-single-install)""   && rm -rf node_modules   && npm ci --include=dev --no-audit --no-fund   --fetch-retries=2 --fetch-retry-factor=2   --fetch-retry-mintimeout=1000 --fetch-retry-maxtimeout=10000   --fetch-timeout=120000   && test -x node_modules/.bin/tsx   && test -x node_modules/.bin/vite",2026-08-20T20:57:04.935480082Z,info,"{""serviceId"":""321437b3-d38c-426a-bb2e-762c587f1947"",""deploymentId"":""8f015a8f-c580-4a39-b708-e2e1f6486138"",""deploymentInstanceId"":null}","{""level"":""info"",""source"":""buildkit"",""type"":""vertex"",""digest"":""sha256:b8809c275a1e468fd91eacb44c8fb09f7936dcb77f20560d4db864ac5c3e839b"",""inputs"":[""sha256:f369017669864b971082f833d349abfb8171c94db0abe08be3861196243f3496""]}"
[deps 1/4] FROM docker.io/library/node:20-bookworm-slim@sha256:2cf067cfed83d5ea958367df9f966191a942351a2df77d6f0193e162b5febfc0,2026-08-20T20:57:04.935480602Z,info,"{""serviceId"":""321437b3-d38c-426a-bb2e-762c587f1947"",""deploymentId"":""8f015a8f-c580-4a39-b708-e2e1f6486138"",""deploymentInstanceId"":null}","{""level"":""info"",""source"":""buildkit"",""type"":""vertex"",""digest"":""sha256:97852eeef387b117dacf761a5ba4848d27868a6b797f238c32f9c7ce7940a981"",""started"":""2026-08-20T20:56:36.062344845Z"",""completed"":""2026-08-20T20:56:36.076129019Z""}"
[deps 1/4] FROM docker.io/library/node:20-bookworm-slim@sha256:2cf067cfed83d5ea958367df9f966191a942351a2df77d6f0193e162b5febfc0,2026-08-20T20:57:04.935481303Z,info,"{""serviceId"":""321437b3-d38c-426a-bb2e-762c587f1947"",""deploymentId"":""8f015a8f-c580-4a39-b708-e2e1f6486138"",""deploymentInstanceId"":null}","{""level"":""info"",""source"":""buildkit"",""type"":""vertex"",""digest"":""sha256:97852eeef387b117dacf761a5ba4848d27868a6b797f238c32f9c7ce7940a981"",""started"":""2026-08-20T20:56:36.062344845Z"",""completed"":""2026-08-20T20:56:36.076129019Z""}"
[deps 2/4] WORKDIR /app,2026-08-20T20:57:04.935482165Z,info,"{""serviceId"":""321437b3-d38c-426a-bb2e-762c587f1947"",""deploymentId"":""8f015a8f-c580-4a39-b708-e2e1f6486138"",""deploymentInstanceId"":null}","{""level"":""info"",""source"":""buildkit"",""type"":""vertex"",""digest"":""sha256:df74c3ee1ffc324fd209ac5c2e65b5ddf80af2ef6f3e460f6b9c149d133823eb"",""inputs"":[""sha256:97852eeef387b117dacf761a5ba4848d27868a6b797f238c32f9c7ce7940a981""],""started"":""2026-08-20T20:56:36.077983584Z"",""completed"":""2026-08-20T20:56:36.07815409Z"",""cached"":true}"
[deps 2/4] WORKDIR /app,2026-08-20T20:57:04.935482886Z,info,"{""serviceId"":""321437b3-d38c-426a-bb2e-762c587f1947"",""deploymentId"":""8f015a8f-c580-4a39-b708-e2e1f6486138"",""deploymentInstanceId"":null}","{""level"":""info"",""source"":""buildkit"",""type"":""vertex"",""digest"":""sha256:df74c3ee1ffc324fd209ac5c2e65b5ddf80af2ef6f3e460f6b9c149d133823eb"",""inputs"":[""sha256:97852eeef387b117dacf761a5ba4848d27868a6b797f238c32f9c7ce7940a981""],""started"":""2026-08-20T20:56:36.077983584Z"",""completed"":""2026-08-20T20:56:36.07815409Z"",""cached"":true}"
[internal] load build context,2026-08-20T20:57:04.935702215Z,info,"{""serviceId"":""321437b3-d38c-426a-bb2e-762c587f1947"",""deploymentId"":""8f015a8f-c580-4a39-b708-e2e1f6486138"",""deploymentInstanceId"":null}","{""level"":""info"",""source"":""buildkit"",""type"":""vertex"",""digest"":""sha256:4ff3014af8cc0361ec66b16b018307afa4e6257d268bb5be3e076b05fbdd5257"",""started"":""2026-08-20T20:57:04.935462345Z"",""completed"":""2026-08-20T20:57:04.935505239Z""}"
[internal] load build context,2026-08-20T20:57:04.937433304Z,info,"{""serviceId"":""321437b3-d38c-426a-bb2e-762c587f1947"",""deploymentId"":""8f015a8f-c580-4a39-b708-e2e1f6486138"",""deploymentInstanceId"":null}","{""level"":""info"",""source"":""buildkit"",""type"":""vertex"",""digest"":""sha256:4ff3014af8cc0361ec66b16b018307afa4e6257d268bb5be3e076b05fbdd5257"",""started"":""2026-08-20T20:57:04.937135387Z""}"
"scheduling build on Metal builder ""builder-malfmm""",2026-08-20T20:57:05.043629184Z,info,"{""serviceId"":""321437b3-d38c-426a-bb2e-762c587f1947"",""deploymentId"":null,""deploymentInstanceId"":null}","{""level"":""info""}"
[internal] load build context,2026-08-20T20:57:05.127864454Z,info,"{""serviceId"":""321437b3-d38c-426a-bb2e-762c587f1947"",""deploymentId"":""8f015a8f-c580-4a39-b708-e2e1f6486138"",""deploymentInstanceId"":null}","{""level"":""info"",""source"":""buildkit"",""type"":""vertex"",""digest"":""sha256:4ff3014af8cc0361ec66b16b018307afa4e6257d268bb5be3e076b05fbdd5257"",""started"":""2026-08-20T20:57:04.937135387Z"",""completed"":""2026-08-20T20:57:05.127544514Z""}"
[application-build 3/7] COPY package.json package-lock.json ./,2026-08-20T20:57:05.153456666Z,info,"{""serviceId"":""321437b3-d38c-426a-bb2e-762c587f1947"",""deploymentId"":""8f015a8f-c580-4a39-b708-e2e1f6486138"",""deploymentInstanceId"":null}","{""level"":""info"",""source"":""buildkit"",""type"":""vertex"",""digest"":""sha256:f369017669864b971082f833d349abfb8171c94db0abe08be3861196243f3496"",""inputs"":[""sha256:df74c3ee1ffc324fd209ac5c2e65b5ddf80af2ef6f3e460f6b9c149d133823eb"",""sha256:4ff3014af8cc0361ec66b16b018307afa4e6257d268bb5be3e076b05fbdd5257""],""started"":""2026-08-20T20:57:05.153149816Z"",""completed"":""2026-08-20T20:57:05.153221002Z"",""cached"":true}"
"[application-build 4/7] RUN echo ""Installing build dependencies (epoch 20260820-1935-single-install)""   && rm -rf node_modules   && npm ci --include=dev --no-audit --no-fund   --fetch-retries=2 --fetch-retry-factor=2   --fetch-retry-mintimeout=1000 --fetch-retry-maxtimeout=10000   --fetch-timeout=120000   && test -x node_modules/.bin/tsx   && test -x node_modules/.bin/vite",2026-08-20T20:57:05.153497798Z,info,"{""serviceId"":""321437b3-d38c-426a-bb2e-762c587f1947"",""deploymentId"":""8f015a8f-c580-4a39-b708-e2e1f6486138"",""deploymentInstanceId"":null}","{""level"":""info"",""source"":""buildkit"",""type"":""vertex"",""digest"":""sha256:b8809c275a1e468fd91eacb44c8fb09f7936dcb77f20560d4db864ac5c3e839b"",""inputs"":[""sha256:f369017669864b971082f833d349abfb8171c94db0abe08be3861196243f3496""],""started"":""2026-08-20T20:57:05.153345049Z""}"
"Installing build dependencies (epoch 20260820-1935-single-install)
",2026-08-20T20:57:05.250988023Z,info,"{""serviceId"":""321437b3-d38c-426a-bb2e-762c587f1947"",""deploymentId"":""8f015a8f-c580-4a39-b708-e2e1f6486138"",""deploymentInstanceId"":null}","{""level"":""info"",""source"":""buildkit"",""type"":""log"",""vertex"":""sha256:b8809c275a1e468fd91eacb44c8fb09f7936dcb77f20560d4db864ac5c3e839b"",""stream"":1,""data"":""SW5zdGFsbGluZyBidWlsZCBkZXBlbmRlbmNpZXMgKGVwb2NoIDIwMjYwODIwLTE5MzUtc2luZ2xlLWluc3RhbGwpCg=="",""timestamp"":""2026-08-20T20:57:05.250988023Z""}"
uploading snapshot,2026-08-20T20:57:07.536438216Z,info,"{""serviceId"":""321437b3-d38c-426a-bb2e-762c587f1947"",""deploymentId"":""8f015a8f-c580-4a39-b708-e2e1f6486138"",""deploymentInstanceId"":null}","{""level"":""info"",""source"":""railway.progress"",""status"":""complete"",""size"":121680894,""duration_ms"":3265}"
"npm warn deprecated node-domexception@1.0.0: Use your platform's native DOMException instead
",2026-08-20T20:57:09.025488471Z,info,"{""serviceId"":""321437b3-d38c-426a-bb2e-762c587f1947"",""deploymentId"":""8f015a8f-c580-4a39-b708-e2e1f6486138"",""deploymentInstanceId"":null}","{""level"":""info"",""source"":""buildkit"",""type"":""log"",""vertex"":""sha256:b8809c275a1e468fd91eacb44c8fb09f7936dcb77f20560d4db864ac5c3e839b"",""stream"":2,""data"":""bnBtIHdhcm4gZGVwcmVjYXRlZCBub2RlLWRvbWV4Y2VwdGlvbkAxLjAuMDogVXNlIHlvdXIgcGxhdGZvcm0ncyBuYXRpdmUgRE9NRXhjZXB0aW9uIGluc3RlYWQK"",""timestamp"":""2026-08-20T20:57:09.025488471Z""}"
"npm notice
npm notice New major version of npm available! 10.8.2 -> 12.0.2
npm notice Changelog: https://github.com/npm/cli/releases/tag/v12.0.2
npm notice To update run: npm install -g npm@12.0.2
npm notice
",2026-08-20T20:57:10.733475863Z,info,"{""serviceId"":""321437b3-d38c-426a-bb2e-762c587f1947"",""deploymentId"":""8f015a8f-c580-4a39-b708-e2e1f6486138"",""deploymentInstanceId"":null}","{""level"":""info"",""source"":""buildkit"",""type"":""log"",""vertex"":""sha256:b8809c275a1e468fd91eacb44c8fb09f7936dcb77f20560d4db864ac5c3e839b"",""stream"":2,""data"":""bnBtIG5vdGljZQpucG0gbm90aWNlIE5ldyBtYWpvciB2ZXJzaW9uIG9mIG5wbSBhdmFpbGFibGUhIDEwLjguMiAtPiAxMi4wLjIKbnBtIG5vdGljZSBDaGFuZ2Vsb2c6IGh0dHBzOi8vZ2l0aHViLmNvbS9ucG0vY2xpL3JlbGVhc2VzL3RhZy92MTIuMC4yCm5wbSBub3RpY2UgVG8gdXBkYXRlIHJ1bjogbnBtIGluc3RhbGwgLWcgbnBtQDEyLjAuMgpucG0gbm90aWNlCg=="",""timestamp"":""2026-08-20T20:57:10.733475863Z""}"
"npm error Exit handler never called!
npm error This is an error with npm itself. Please report this error at:
npm error   <https://github.com/npm/cli/issues>
",2026-08-20T20:57:10.733564306Z,info,"{""serviceId"":""321437b3-d38c-426a-bb2e-762c587f1947"",""deploymentId"":""8f015a8f-c580-4a39-b708-e2e1f6486138"",""deploymentInstanceId"":null}","{""level"":""info"",""source"":""buildkit"",""type"":""log"",""vertex"":""sha256:b8809c275a1e468fd91eacb44c8fb09f7936dcb77f20560d4db864ac5c3e839b"",""stream"":2,""data"":""bnBtIGVycm9yIEV4aXQgaGFuZGxlciBuZXZlciBjYWxsZWQhCm5wbSBlcnJvciBUaGlzIGlzIGFuIGVycm9yIHdpdGggbnBtIGl0c2VsZi4gUGxlYXNlIHJlcG9ydCB0aGlzIGVycm9yIGF0OgpucG0gZXJyb3IgICA8aHR0cHM6Ly9naXRodWIuY29tL25wbS9jbGkvaXNzdWVzPgo="",""timestamp"":""2026-08-20T20:57:10.733564306Z""}"
"npm error A complete log of this run can be found in: /root/.npm/_logs/2026-08-20T20_57_05_309Z-debug-0.log
",2026-08-20T20:57:10.733817045Z,info,"{""serviceId"":""321437b3-d38c-426a-bb2e-762c587f1947"",""deploymentId"":""8f015a8f-c580-4a39-b708-e2e1f6486138"",""deploymentInstanceId"":null}","{""level"":""info"",""source"":""buildkit"",""type"":""log"",""vertex"":""sha256:b8809c275a1e468fd91eacb44c8fb09f7936dcb77f20560d4db864ac5c3e839b"",""stream"":2,""data"":""bnBtIGVycm9yIEEgY29tcGxldGUgbG9nIG9mIHRoaXMgcnVuIGNhbiBiZSBmb3VuZCBpbjogL3Jvb3QvLm5wbS9fbG9ncy8yMDI2LTA4LTIwVDIwXzU3XzA1XzMwOVotZGVidWctMC5sb2cK"",""timestamp"":""2026-08-20T20:57:10.733817045Z""}"
"[application-build 4/7] RUN echo ""Installing build dependencies (epoch 20260820-1935-single-install)""   && rm -rf node_modules   && npm ci --include=dev --no-audit --no-fund   --fetch-retries=2 --fetch-retry-factor=2   --fetch-retry-mintimeout=1000 --fetch-retry-maxtimeout=10000   --fetch-timeout=120000   && test -x node_modules/.bin/tsx   && test -x node_modules/.bin/vite",2026-08-20T20:57:11.403834192Z,error,"{""serviceId"":""321437b3-d38c-426a-bb2e-762c587f1947"",""deploymentId"":""8f015a8f-c580-4a39-b708-e2e1f6486138"",""deploymentInstanceId"":null}","{""level"":""error"",""source"":""buildkit"",""type"":""vertex"",""digest"":""sha256:b8809c275a1e468fd91eacb44c8fb09f7936dcb77f20560d4db864ac5c3e839b"",""inputs"":[""sha256:f369017669864b971082f833d349abfb8171c94db0abe08be3861196243f3496""],""started"":""2026-08-20T20:57:05.153345049Z"",""completed"":""2026-08-20T20:57:11.403312909Z"",""error"":""process \""/bin/sh -c echo \\\""Installing build dependencies (epoch ${BUILD_DEPENDENCY_EPOCH})\\\""   && rm -rf node_modules   && npm ci --include=dev --no-audit --no-fund   --fetch-retries=2 --fetch-retry-factor=2   --fetch-retry-mintimeout=1000 --fetch-retry-maxtimeout=10000   --fetch-timeout=120000   && test -x node_modules/.bin/tsx   && test -x node_modules/.bin/vite\"" did not complete successfully: exit code: 1""}"
"Build Failed: build daemon returned an error < failed to solve: process ""/bin/sh -c echo \""Installing build dependencies (epoch ${BUILD_DEPENDENCY_EPOCH})\""   && rm -rf node_modules   && npm ci --include=dev --no-audit --no-fund   --fetch-retries=2 --fetch-retry-factor=2   --fetch-retry-mintimeout=1000 --fetch-retry-maxtimeout=10000   --fetch-timeout=120000   && test -x node_modules/.bin/tsx   && test -x node_modules/.bin/vite"" did not complete successfully: exit code: 1 >",2026-08-20T20:57:11.440930055Z,error,"{""serviceId"":""321437b3-d38c-426a-bb2e-762c587f1947"",""deploymentId"":""8f015a8f-c580-4a39-b708-e2e1f6486138"",""deploymentInstanceId"":null}","{""level"":""error""}"